Worry-Free Business Security Service;OfficeScan;Vulnerability Protection;OfficeScan Plug-in DLP;Control Manager;Endpoint Application Control;end,2,Americas,0-100
Worry-Free Business Security Service;OfficeScan;Vulnerability Protection;OfficeScan Plug-in DLP;end,2,Americas,0-100
Worry-Free Business Security Service;OfficeScan;OfficeScan Plug-in Security for Mac;Control Manager;end,2,Americas,0-100
Worry-Free Business Security Service;OfficeScan;OfficeScan Plug-in DLP;end,2,Americas,0-100
Worry-Free Business Security Service;OfficeScan;Control Manager;OfficeScan Plug-in DLP;Endpoint Application Control;end,2,Americas,0-100
Worry-Free Business Security Service;OfficeScan;Control Manager;end,2,Americas,0-100
Worry-Free Business Security Service;OfficeScan;end,8,Americas,0-100
Worry-Free Business Security Service;Endpoint Encryption;Control Manager;end,2,Americas,0-100
Worry-Free Business Security Service;Endpoint Encryption;end,4,Americas,0-100
Worry-Free Business Security Service;Endpoint Application Control;OfficeScan;end,2,Americas,0-100
Worry-Free Business Security Service;Endpoint Application Control;end,2,Americas,0-100
Worry-Free Business Security Service;Control Manager;OfficeScan;OfficeScan Plug-in Security for Mac;OfficeScan Plug-in DLP;Endpoint Encryption;end,2,Americas,0-100
Worry-Free Business Security Service;Control Manager;OfficeScan;end,2,Americas,0-100
Worry-Free Business Security Service;Control Manager;end,2,Americas,0-100
Worry-Free Business Security Service;end,118,Americas,0-100
Vulnerability Protection;Endpoint Application Control;end,2,Americas,0-100
Vulnerability Protection;Control Manager;Endpoint Encryption;Worry-Free Business Security Service;end,2,Americas,0-100
Server Protect for Windows/NetWare;Control Manager;end,2,Americas,0-100
OfficeScan;Worry-Free Business Security Service;OfficeScan Plug-in DLP;end,2,Americas,0-100
OfficeScan;Worry-Free Business Security Service;end,14,Americas,0-100
OfficeScan;Vulnerability Protection;OfficeScan Plug-in DLP;Endpoint Application Control;Mobile Security;Endpoint Encryption;OfficeScan Plug-in Security for Mac;Control Manager;end,2,Americas,0-100
OfficeScan;Vulnerability Protection;Endpoint Encryption;Worry-Free Business Security Service;Mobile Security;Control Manager;OfficeScan Plug-in DLP;OfficeScan Plug-in Security for Mac;end,2,Americas,0-100
OfficeScan;Vulnerability Protection;Endpoint Encryption;Control Manager;end,2,Americas,0-100
OfficeScan;Vulnerability Protection;Endpoint Application Control;OfficeScan Plug-in DLP;Worry-Free Business Security Service;end,2,Americas,0-100
OfficeScan;Vulnerability Protection;Endpoint Application Control;end,6,Americas,0-100
OfficeScan;Vulnerability Protection;Control Manager;OfficeScan Plug-in Security for Mac;end,2,Americas,0-100
OfficeScan;Vulnerability Protection;end,10,Americas,0-100
OfficeScan;Server Protect for Linux;end,2,Americas,0-100
OfficeScan;OfficeScan Plug-in Security for Mac;Worry-Free Business Security Service;end,2,Americas,0-100
OfficeScan;OfficeScan Plug-in Security for Mac;OfficeScan Plug-in DLP;Mobile Security;end,2,Americas,0-100
OfficeScan;OfficeScan Plug-in Security for Mac;OfficeScan Plug-in DLP;Endpoint Encryption;Endpoint Application Control;Worry-Free Business Security Service;Vulnerability Protection;end,2,Americas,0-100
OfficeScan;OfficeScan Plug-in Security for Mac;OfficeScan Plug-in DLP;end,2,Americas,0-100
OfficeScan;OfficeScan Plug-in Security for Mac;Control Manager;Endpoint Encryption;end,2,Americas,0-100
OfficeScan;OfficeScan Plug-in Security for Mac;end,10,Americas,0-100
OfficeScan;OfficeScan Plug-in DLP;Vulnerability Protection;Endpoint Encryption;end,2,Americas,0-100
OfficeScan;OfficeScan Plug-in DLP;Vulnerability Protection;end,6,Americas,0-100
OfficeScan;OfficeScan Plug-in DLP;OfficeScan Plug-in Security for Mac;OfficeScan Plug-in VDI;Vulnerability Protection;Endpoint Application Control;Mobile Security;Endpoint Encryption;Control Manager;end,2,Americas,0-100
OfficeScan;OfficeScan Plug-in DLP;OfficeScan Plug-in Security for Mac;end,4,Americas,0-100
OfficeScan;OfficeScan Plug-in DLP;Endpoint Encryption;end,4,Americas,0-100
OfficeScan;OfficeScan Plug-in DLP;Endpoint Application Control;Vulnerability Protection;end,2,Americas,0-100
OfficeScan;OfficeScan Plug-in DLP;Control Manager;Worry-Free Business Security Service;end,2,Americas,0-100
OfficeScan;OfficeScan Plug-in DLP;Control Manager;end,2,Americas,0-100
OfficeScan;OfficeScan Plug-in DLP;end,30,Americas,0-100
OfficeScan;Mobile Security;OfficeScan Plug-in Security for Mac;end,4,Americas,0-100
OfficeScan;Mobile Security;Endpoint Encryption;Control Manager;Endpoint Application Control;Worry-Free Business Security Service;end,2,Americas,0-100
OfficeScan;Mobile Security;end,2,Americas,0-100
OfficeScan;Endpoint Encryption;Worry-Free Business Security Service;Vulnerability Protection;Control Manager;end,2,Americas,0-100
OfficeScan;Endpoint Encryption;OfficeScan Plug-in DLP;OfficeScan Plug-in Security for Mac;end,2,Americas,0-100
OfficeScan;Endpoint Encryption;Mobile Security;OfficeScan Plug-in Security for Mac;end,2,Americas,0-100
OfficeScan;Endpoint Encryption;Control Manager;Mobile Security;OfficeScan Plug-in DLP;OfficeScan Plug-in Security for Mac;OfficeScan Plug-in VDI;Vulnerability Protection;Endpoint Application Control;end,2,Americas,0-100
OfficeScan;Endpoint Encryption;end,8,Americas,0-100
OfficeScan;Endpoint Application Control;Vulnerability Protection;OfficeScan Plug-in VDI;end,2,Americas,0-100
OfficeScan;Endpoint Application Control;Vulnerability Protection;OfficeScan Plug-in DLP;end,2,Americas,0-100
OfficeScan;Endpoint Application Control;Vulnerability Protection;end,4,Americas,0-100
OfficeScan;Endpoint Application Control;OfficeScan Plug-in Security for Mac;end,2,Americas,0-100
OfficeScan;Endpoint Application Control;OfficeScan Plug-in DLP;Mobile Security;Endpoint Encryption;end,2,Americas,0-100
OfficeScan;Endpoint Application Control;Control Manager;OfficeScan Plug-in Security for Mac;end,2,Americas,0-100
OfficeScan;Control Manager;Worry-Free Business Security Service;end,2,Americas,0-100
OfficeScan;Control Manager;OfficeScan Plug-in DLP;end,4,Americas,0-100
OfficeScan;Control Manager;Endpoint Encryption;end,4,Americas,0-100
OfficeScan;Control Manager;Endpoint Application Control;end,2,Americas,0-100
OfficeScan;Control Manager;end,8,Americas,0-100
OfficeScan;end,186,Americas,0-100
OfficeScan Plug-in VDI;OfficeScan;end,2,Americas,0-100
OfficeScan Plug-in DLP;OfficeScan;Worry-Free Business Security Service;Vulnerability Protection;end,2,Americas,0-100
OfficeScan Plug-in DLP;OfficeScan Plug-in Security for Mac;OfficeScan;end,2,Americas,0-100
OfficeScan Plug-in DLP;end,4,Americas,0-100
Mobile Security;OfficeScan;Vulnerability Protection;OfficeScan Plug-in DLP;OfficeScan Plug-in Security for Mac;end,2,Americas,0-100
Mobile Security;OfficeScan;end,2,Americas,0-100
Mobile Security;Endpoint Encryption;OfficeScan Plug-in DLP;end,2,Americas,0-100
Endpoint Encryption;Worry-Free Business Security Service;end,6,Americas,0-100
Endpoint Encryption;OfficeScan;Control Manager;Endpoint Application Control;Mobile Security;Vulnerability Protection;end,2,Americas,0-100
Endpoint Encryption;OfficeScan;end,4,Americas,0-100
Endpoint Encryption;Mobile Security;OfficeScan Plug-in DLP;OfficeScan Plug-in VDI;Vulnerability Protection;Endpoint Application Control;Worry-Free Business Security Service;OfficeScan;Control Manager;end,2,Americas,0-100
Endpoint Encryption;Endpoint Application Control;OfficeScan;Vulnerability Protection;OfficeScan Plug-in DLP;Worry-Free Business Security Service;end,2,Americas,0-100
Endpoint Encryption;Control Manager;Mobile Security;end,2,Americas,0-100
Endpoint Encryption;end,20,Americas,0-100
Endpoint Application Control;Vulnerability Protection;OfficeScan;Worry-Free Business Security Service;end,2,Americas,0-100
Endpoint Application Control;OfficeScan;Worry-Free Business Security Service;end,2,Americas,0-100
Endpoint Application Control;OfficeScan;OfficeScan Plug-in DLP;Vulnerability Protection;end,2,Americas,0-100
Endpoint Application Control;OfficeScan;end,4,Americas,0-100
Endpoint Application Control;Control Manager;OfficeScan;end,2,Americas,0-100
Control Manager;OfficeScan;Endpoint Application Control;OfficeScan Plug-in DLP;end,2,Americas,0-100
Control Manager;OfficeScan;Endpoint Application Control;end,2,Americas,0-100
Control Manager;Endpoint Application Control;OfficeScan;Vulnerability Protection;end,2,Americas,0-100
Control Manager;end,2,Americas,0-100
Worry-Free Business Security Service;OfficeScan;OfficeScan Plug-in DLP;Vulnerability Protection;end,2,Americas,101-500
Worry-Free Business Security Service;OfficeScan;OfficeScan Plug-in DLP;Endpoint Application Control;Endpoint Encryption;Vulnerability Protection;Control Manager;OfficeScan Plug-in VDI;end,2,Americas,101-500
Worry-Free Business Security Service;OfficeScan;end,4,Americas,101-500
Worry-Free Business Security Service;OfficeScan Plug-in Security for Mac;end,2,Americas,101-500
Worry-Free Business Security Service;OfficeScan Plug-in DLP;Server Protect for Linux;end,2,Americas,101-500
Worry-Free Business Security Service;Endpoint Encryption;end,2,Americas,101-500
Worry-Free Business Security Service;Control Manager;end,4,Americas,101-500
Worry-Free Business Security Service;end,64,Americas,101-500
Vulnerability Protection;OfficeScan;Endpoint Application Control;OfficeScan Plug-in Security for Mac;OfficeScan Plug-in DLP;end,2,Americas,101-500
Vulnerability Protection;OfficeScan;end,2,Americas,101-500
Vulnerability Protection;OfficeScan Plug-in DLP;OfficeScan Plug-in VDI;OfficeScan;Worry-Free Business Security Service;Control Manager;end,2,Americas,101-500
Vulnerability Protection;Endpoint Application Control;OfficeScan Plug-in DLP;Endpoint Encryption;Mobile Security;Control Manager;end,2,Americas,101-500
Vulnerability Protection;Control Manager;Endpoint Application Control;OfficeScan;end,2,Americas,101-500
Vulnerability Protection;end,4,Americas,101-500
OfficeScan;Worry-Free Business Security Service;OfficeScan Plug-in Security for Mac;end,2,Americas,101-500
OfficeScan;Worry-Free Business Security Service;OfficeScan Plug-in DLP;OfficeScan Plug-in Security for Mac;Endpoint Encryption;end,2,Americas,101-500
OfficeScan;Worry-Free Business Security Service;OfficeScan Plug-in DLP;Mobile Security;end,2,Americas,101-500
OfficeScan;Worry-Free Business Security Service;OfficeScan Plug-in DLP;Endpoint Encryption;end,2,Americas,101-500
OfficeScan;Worry-Free Business Security Service;OfficeScan Plug-in DLP;Endpoint Application Control;Vulnerability Protection;Mobile Security;OfficeScan Plug-in Security for Mac;OfficeScan Plug-in VDI;Control Manager;Endpoint Encryption;end,2,Americas,101-500
OfficeScan;Worry-Free Business Security Service;OfficeScan Plug-in DLP;end,2,Americas,101-500
OfficeScan;Worry-Free Business Security Service;Mobile Security;OfficeScan Plug-in DLP;end,2,Americas,101-500
OfficeScan;Worry-Free Business Security Service;Mobile Security;Endpoint Encryption;Control Manager;Endpoint Application Control;end,2,Americas,101-500
OfficeScan;Worry-Free Business Security Service;Control Manager;Vulnerability Protection;OfficeScan Plug-in Security for Mac;end,2,Americas,101-500
OfficeScan;Worry-Free Business Security Service;Control Manager;Endpoint Application Control;Endpoint Encryption;Vulnerability Protection;end,2,Americas,101-500
OfficeScan;Worry-Free Business Security Service;Control Manager;end,2,Americas,101-500
OfficeScan;Worry-Free Business Security Service;end,12,Americas,101-500
OfficeScan;Vulnerability Protection;Worry-Free Business Security Service;OfficeScan Plug-in Security for Mac;end,2,Americas,101-500
OfficeScan;Vulnerability Protection;OfficeScan Plug-in Security for Mac;end,2,Americas,101-500
OfficeScan;Vulnerability Protection;OfficeScan Plug-in DLP;Worry-Free Business Security Service;end,2,Americas,101-500
OfficeScan;Vulnerability Protection;OfficeScan Plug-in DLP;Endpoint Application Control;Mobile Security;Control Manager;end,2,Americas,101-500
OfficeScan;Vulnerability Protection;OfficeScan Plug-in DLP;Control Manager;Mobile Security;OfficeScan Plug-in Security for Mac;end,2,Americas,101-500
OfficeScan;Vulnerability Protection;OfficeScan Plug-in DLP;Control Manager;Endpoint Encryption;Mobile Security;end,2,Americas,101-500
OfficeScan;Vulnerability Protection;OfficeScan Plug-in DLP;Control Manager;end,4,Americas,101-500
OfficeScan;Vulnerability Protection;OfficeScan Plug-in DLP;end,6,Americas,101-500
OfficeScan;Vulnerability Protection;Endpoint Encryption;Worry-Free Business Security Service;end,2,Americas,101-500
OfficeScan;Vulnerability Protection;Endpoint Encryption;OfficeScan Plug-in DLP;Mobile Security;Control Manager;end,2,Americas,101-500
OfficeScan;Vulnerability Protection;Endpoint Encryption;Mobile Security;Endpoint Application Control;OfficeScan Plug-in Security for Mac;OfficeScan Plug-in DLP;Worry-Free Business Security Service;end,2,Americas,101-500
OfficeScan;Vulnerability Protection;Endpoint Application Control;OfficeScan Plug-in DLP;Control Manager;end,2,Americas,101-500
OfficeScan;Vulnerability Protection;Endpoint Application Control;Mobile Security;OfficeScan Plug-in DLP;Control Manager;end,2,Americas,101-500
OfficeScan;Vulnerability Protection;Control Manager;Worry-Free Business Security Service;Endpoint Application Control;end,2,Americas,101-500
OfficeScan;Vulnerability Protection;Control Manager;Server Protect for Windows/NetWare;end,2,Americas,101-500
OfficeScan;Vulnerability Protection;Control Manager;OfficeScan Plug-in DLP;Mobile Security;end,2,Americas,101-500
OfficeScan;Vulnerability Protection;Control Manager;OfficeScan Plug-in DLP;end,2,Americas,101-500
OfficeScan;Vulnerability Protection;Control Manager;Mobile Security;OfficeScan Plug-in DLP;end,2,Americas,101-500
OfficeScan;Vulnerability Protection;Control Manager;Endpoint Encryption;OfficeScan Plug-in Security for Mac;end,2,Americas,101-500
OfficeScan;Vulnerability Protection;Control Manager;Endpoint Application Control;OfficeScan Plug-in DLP;end,2,Americas,101-500
OfficeScan;Vulnerability Protection;Control Manager;end,2,Americas,101-500
OfficeScan;Vulnerability Protection;end,8,Americas,101-500
OfficeScan;OfficeScan Plug-in Security for Mac;Worry-Free Business Security Service;end,2,Americas,101-500
OfficeScan;OfficeScan Plug-in Security for Mac;Server Protect for Linux;Server Protect for Windows/NetWare;end,2,Americas,101-500
OfficeScan;OfficeScan Plug-in Security for Mac;OfficeScan Plug-in DLP;Vulnerability Protection;end,2,Americas,101-500
OfficeScan;OfficeScan Plug-in Security for Mac;OfficeScan Plug-in DLP;Mobile Security;end,2,Americas,101-500
OfficeScan;OfficeScan Plug-in Security for Mac;OfficeScan Plug-in DLP;Endpoint Encryption;Vulnerability Protection;end,2,Americas,101-500
OfficeScan;OfficeScan Plug-in Security for Mac;OfficeScan Plug-in DLP;Endpoint Encryption;end,2,Americas,101-500
OfficeScan;OfficeScan Plug-in Security for Mac;OfficeScan Plug-in DLP;Control Manager;Endpoint Encryption;Mobile Security;end,2,Americas,101-500
OfficeScan;OfficeScan Plug-in Security for Mac;OfficeScan Plug-in DLP;Control Manager;Endpoint Encryption;end,2,Americas,101-500
OfficeScan;OfficeScan Plug-in Security for Mac;OfficeScan Plug-in DLP;end,12,Americas,101-500
OfficeScan;OfficeScan Plug-in Security for Mac;Mobile Security;end,2,Americas,101-500
OfficeScan;OfficeScan Plug-in Security for Mac;Endpoint Encryption;end,2,Americas,101-500
OfficeScan;OfficeScan Plug-in Security for Mac;Control Manager;end,4,Americas,101-500
OfficeScan;OfficeScan Plug-in Security for Mac;end,14,Americas,101-500
OfficeScan;OfficeScan Plug-in DLP;Worry-Free Business Security Service;end,2,Americas,101-500
OfficeScan;OfficeScan Plug-in DLP;Vulnerability Protection;Worry-Free Business Security Service;end,2,Americas,101-500
OfficeScan;OfficeScan Plug-in DLP;Vulnerability Protection;Endpoint Encryption;Endpoint Application Control;end,2,Americas,101-500
OfficeScan;OfficeScan Plug-in DLP;Vulnerability Protection;Endpoint Encryption;Control Manager;Mobile Security;end,2,Americas,101-500
OfficeScan;OfficeScan Plug-in DLP;Vulnerability Protection;Control Manager;Endpoint Application Control;Worry-Free Business Security Service;end,2,Americas,101-500
OfficeScan;OfficeScan Plug-in DLP;Vulnerability Protection;end,4,Americas,101-500
OfficeScan;OfficeScan Plug-in DLP;OfficeScan Plug-in Security for Mac;Vulnerability Protection;Control Manager;Endpoint Application Control;Worry-Free Business Security Service;end,2,Americas,101-500
OfficeScan;OfficeScan Plug-in DLP;OfficeScan Plug-in Security for Mac;Endpoint Encryption;Endpoint Application Control;end,2,Americas,101-500
OfficeScan;OfficeScan Plug-in DLP;OfficeScan Plug-in Security for Mac;Control Manager;Endpoint Encryption;end,2,Americas,101-500
OfficeScan;OfficeScan Plug-in DLP;OfficeScan Plug-in Security for Mac;Control Manager;end,2,Americas,101-500
OfficeScan;OfficeScan Plug-in DLP;OfficeScan Plug-in Security for Mac;end,6,Americas,101-500
OfficeScan;OfficeScan Plug-in DLP;Mobile Security;Vulnerability Protection;end,2,Americas,101-500
OfficeScan;OfficeScan Plug-in DLP;Mobile Security;OfficeScan Plug-in Security for Mac;end,2,Americas,101-500
OfficeScan;OfficeScan Plug-in DLP;Mobile Security;Endpoint Application Control;end,2,Americas,101-500
OfficeScan;OfficeScan Plug-in DLP;Mobile Security;Control Manager;Endpoint Application Control;Vulnerability Protection;Endpoint Encryption;end,2,Americas,101-500
OfficeScan;OfficeScan Plug-in DLP;Endpoint Encryption;Endpoint Application Control;Worry-Free Business Security Service;end,2,Americas,101-500
OfficeScan;OfficeScan Plug-in DLP;Endpoint Encryption;Control Manager;Mobile Security;end,2,Americas,101-500
OfficeScan;OfficeScan Plug-in DLP;Endpoint Application Control;Mobile Security;end,2,Americas,101-500
OfficeScan;OfficeScan Plug-in DLP;Endpoint Application Control;Endpoint Encryption;Control Manager;end,2,Americas,101-500
OfficeScan;OfficeScan Plug-in DLP;Endpoint Application Control;end,2,Americas,101-500
OfficeScan;OfficeScan Plug-in DLP;Control Manager;Mobile Security;Vulnerability Protection;Worry-Free Business Security Service;Endpoint Application Control;end,2,Americas,101-500
OfficeScan;OfficeScan Plug-in DLP;Control Manager;Mobile Security;Endpoint Application Control;Endpoint Encryption;end,2,Americas,101-500
OfficeScan;OfficeScan Plug-in DLP;Control Manager;end,4,Americas,101-500
OfficeScan;OfficeScan Plug-in DLP;end,62,Americas,101-500
OfficeScan;Mobile Security;Worry-Free Business Security Service;end,2,Americas,101-500
OfficeScan;Mobile Security;Vulnerability Protection;end,4,Americas,101-500
OfficeScan;Mobile Security;OfficeScan Plug-in DLP;Endpoint Encryption;end,2,Americas,101-500
OfficeScan;Mobile Security;OfficeScan Plug-in DLP;end,2,Americas,101-500
OfficeScan;Mobile Security;Endpoint Encryption;Vulnerability Protection;Control Manager;OfficeScan Plug-in DLP;end,2,Americas,101-500
OfficeScan;Mobile Security;Endpoint Encryption;Control Manager;end,2,Americas,101-500
OfficeScan;Mobile Security;Endpoint Encryption;end,2,Americas,101-500
OfficeScan;Mobile Security;Control Manager;Worry-Free Business Security Service;Endpoint Encryption;end,4,Americas,101-500
OfficeScan;Mobile Security;Control Manager;Vulnerability Protection;OfficeScan Plug-in DLP;Endpoint Application Control;end,2,Americas,101-500
OfficeScan;Mobile Security;Control Manager;OfficeScan Plug-in DLP;Endpoint Encryption;end,2,Americas,101-500
OfficeScan;Mobile Security;Control Manager;end,2,Americas,101-500
OfficeScan;Mobile Security;end,4,Americas,101-500
OfficeScan;Endpoint Encryption;Vulnerability Protection;OfficeScan Plug-in DLP;Endpoint Application Control;Control Manager;end,2,Americas,101-500
OfficeScan;Endpoint Encryption;OfficeScan Plug-in Security for Mac;OfficeScan Plug-in DLP;Control Manager;end,2,Americas,101-500
OfficeScan;Endpoint Encryption;OfficeScan Plug-in Security for Mac;end,2,Americas,101-500
OfficeScan;Endpoint Encryption;OfficeScan Plug-in DLP;Mobile Security;Control Manager;Endpoint Application Control;end,2,Americas,101-500
OfficeScan;Endpoint Encryption;OfficeScan Plug-in DLP;Control Manager;end,2,Americas,101-500
OfficeScan;Endpoint Encryption;OfficeScan Plug-in DLP;end,4,Americas,101-500
OfficeScan;Endpoint Encryption;Mobile Security;OfficeScan Plug-in Security for Mac;Vulnerability Protection;Endpoint Application Control;Control Manager;OfficeScan Plug-in DLP;end,2,Americas,101-500
OfficeScan;Endpoint Encryption;Mobile Security;Control Manager;Vulnerability Protection;end,2,Americas,101-500
OfficeScan;Endpoint Encryption;Mobile Security;end,2,Americas,101-500
OfficeScan;Endpoint Encryption;Endpoint Application Control;Vulnerability Protection;Worry-Free Business Security Service;end,2,Americas,101-500
OfficeScan;Endpoint Encryption;Endpoint Application Control;end,2,Americas,101-500
OfficeScan;Endpoint Encryption;Control Manager;Worry-Free Business Security Service;end,2,Americas,101-500
OfficeScan;Endpoint Encryption;Control Manager;end,2,Americas,101-500
OfficeScan;Endpoint Encryption;end,26,Americas,101-500
OfficeScan;Endpoint Application Control;Worry-Free Business Security Service;Mobile Security;end,2,Americas,101-500
OfficeScan;Endpoint Application Control;Vulnerability Protection;OfficeScan Plug-in Security for Mac;end,2,Americas,101-500
OfficeScan;Endpoint Application Control;Vulnerability Protection;Mobile Security;Endpoint Encryption;Control Manager;end,2,Americas,101-500
OfficeScan;Endpoint Application Control;Vulnerability Protection;end,2,Americas,101-500
OfficeScan;Endpoint Application Control;OfficeScan Plug-in Security for Mac;Endpoint Encryption;end,2,Americas,101-500
OfficeScan;Endpoint Application Control;OfficeScan Plug-in DLP;Mobile Security;Vulnerability Protection;Control Manager;end,2,Americas,101-500
OfficeScan;Endpoint Application Control;OfficeScan Plug-in DLP;end,2,Americas,101-500
OfficeScan;Endpoint Application Control;Endpoint Encryption;Vulnerability Protection;OfficeScan Plug-in Security for Mac;Control Manager;end,2,Americas,101-500
OfficeScan;Endpoint Application Control;Endpoint Encryption;Mobile Security;Vulnerability Protection;OfficeScan Plug-in DLP;end,2,Americas,101-500
OfficeScan;Endpoint Application Control;Control Manager;end,2,Americas,101-500
OfficeScan;Endpoint Application Control;end,2,Americas,101-500
OfficeScan;Control Manager;Worry-Free Business Security Service;end,2,Americas,101-500
OfficeScan;Control Manager;Vulnerability Protection;Endpoint Application Control;Worry-Free Business Security Service;end,2,Americas,101-500
OfficeScan;Control Manager;Vulnerability Protection;end,4,Americas,101-500
OfficeScan;Control Manager;OfficeScan Plug-in Security for Mac;Worry-Free Business Security Service;Endpoint Encryption;end,2,Americas,101-500
OfficeScan;Control Manager;OfficeScan Plug-in Security for Mac;Endpoint Application Control;end,2,Americas,101-500
OfficeScan;Control Manager;OfficeScan Plug-in DLP;Worry-Free Business Security Service;Mobile Security;end,2,Americas,101-500
OfficeScan;Control Manager;OfficeScan Plug-in DLP;Worry-Free Business Security Service;Endpoint Encryption;Endpoint Application Control;Vulnerability Protection;end,2,Americas,101-500
OfficeScan;Control Manager;OfficeScan Plug-in DLP;OfficeScan Plug-in Security for Mac;Endpoint Encryption;end,2,Americas,101-500
OfficeScan;Control Manager;OfficeScan Plug-in DLP;end,8,Americas,101-500
OfficeScan;Control Manager;Endpoint Encryption;OfficeScan Plug-in DLP;end,2,Americas,101-500
OfficeScan;Control Manager;Endpoint Encryption;Mobile Security;end,2,Americas,101-500
OfficeScan;Control Manager;Endpoint Encryption;end,8,Americas,101-500
OfficeScan;Control Manager;Endpoint Application Control;Endpoint Encryption;OfficeScan Plug-in DLP;end,2,Americas,101-500
OfficeScan;Control Manager;Endpoint Application Control;Endpoint Encryption;end,2,Americas,101-500
OfficeScan;Control Manager;end,20,Americas,101-500
OfficeScan;end,216,Americas,101-500
OfficeScan Plug-in Security for Mac;OfficeScan;OfficeScan Plug-in DLP;Control Manager;Vulnerability Protection;end,2,Americas,101-500
OfficeScan Plug-in Security for Mac;OfficeScan;OfficeScan Plug-in DLP;end,2,Americas,101-500
OfficeScan Plug-in DLP;OfficeScan;Worry-Free Business Security Service;Endpoint Encryption;Mobile Security;end,2,Americas,101-500
OfficeScan Plug-in DLP;OfficeScan;OfficeScan Plug-in Security for Mac;Mobile Security;Worry-Free Business Security Service;Control Manager;Vulnerability Protection;end,2,Americas,101-500
OfficeScan Plug-in DLP;OfficeScan;Mobile Security;end,2,Americas,101-500
OfficeScan Plug-in DLP;OfficeScan;Endpoint Encryption;end,2,Americas,101-500
OfficeScan Plug-in DLP;OfficeScan;end,2,Americas,101-500
OfficeScan Plug-in DLP;Control Manager;OfficeScan;end,2,Americas,101-500
Mobile Security;Worry-Free Business Security Service;end,2,Americas,101-500
Mobile Security;OfficeScan;Vulnerability Protection;end,2,Americas,101-500
Mobile Security;OfficeScan;OfficeScan Plug-in Security for Mac;end,2,Americas,101-500
Mobile Security;OfficeScan;OfficeScan Plug-in DLP;Control Manager;end,2,Americas,101-500
Mobile Security;Endpoint Encryption;OfficeScan;Vulnerability Protection;Endpoint Application Control;Control Manager;end,2,Americas,101-500
Mobile Security;Endpoint Application Control;Worry-Free Business Security Service;end,2,Americas,101-500
Mobile Security;Endpoint Application Control;Endpoint Encryption;OfficeScan Plug-in DLP;OfficeScan;Vulnerability Protection;OfficeScan Plug-in Security for Mac;end,2,Americas,101-500
Mobile Security;Endpoint Application Control;end,2,Americas,101-500
Endpoint Encryption;Vulnerability Protection;Control Manager;end,2,Americas,101-500
Endpoint Encryption;OfficeScan;OfficeScan Plug-in DLP;Worry-Free Business Security Service;end,2,Americas,101-500
Endpoint Encryption;OfficeScan;end,6,Americas,101-500
Endpoint Encryption;OfficeScan Plug-in DLP;end,2,Americas,101-500
Endpoint Encryption;Mobile Security;Vulnerability Protection;Endpoint Application Control;OfficeScan;Control Manager;OfficeScan Plug-in Security for Mac;end,2,Americas,101-500
Endpoint Encryption;Endpoint Application Control;Vulnerability Protection;OfficeScan;end,2,Americas,101-500
Endpoint Encryption;Endpoint Application Control;OfficeScan;Control Manager;OfficeScan Plug-in DLP;end,2,Americas,101-500
Endpoint Encryption;end,10,Americas,101-500
Endpoint Application Control;Worry-Free Business Security Service;end,2,Americas,101-500
Endpoint Application Control;Vulnerability Protection;OfficeScan;Endpoint Encryption;end,2,Americas,101-500
Endpoint Application Control;OfficeScan;Vulnerability Protection;Worry-Free Business Security Service;end,4,Americas,101-500
Endpoint Application Control;OfficeScan;OfficeScan Plug-in DLP;Vulnerability Protection;Mobile Security;end,2,Americas,101-500
Endpoint Application Control;OfficeScan;OfficeScan Plug-in DLP;Vulnerability Protection;end,4,Americas,101-500
Endpoint Application Control;OfficeScan;OfficeScan Plug-in DLP;Control Manager;Endpoint Encryption;Mobile Security;OfficeScan Plug-in Security for Mac;OfficeScan Plug-in VDI;Vulnerability Protection;Worry-Free Business Security Service;end,2,Americas,101-500
Endpoint Application Control;OfficeScan Plug-in DLP;OfficeScan;end,2,Americas,101-500
Endpoint Application Control;end,2,Americas,101-500
Control Manager;Worry-Free Business Security Service;Endpoint Encryption;end,2,Americas,101-500
Control Manager;OfficeScan;OfficeScan Plug-in Security for Mac;OfficeScan Plug-in DLP;Server Protect for Linux;end,2,Americas,101-500
Control Manager;OfficeScan;Endpoint Encryption;OfficeScan Plug-in Security for Mac;end,2,Americas,101-500
Control Manager;OfficeScan;end,6,Americas,101-500
Control Manager;Endpoint Encryption;end,2,Americas,101-500
Control Manager;Endpoint Application Control;OfficeScan;Endpoint Encryption;OfficeScan Plug-in DLP;end,2,Americas,101-500
Worry-Free Business Security Service;OfficeScan;OfficeScan Plug-in Security for Mac;Control Manager;Endpoint Application Control;end,2,Americas,500+
Worry-Free Business Security Service;OfficeScan;OfficeScan Plug-in DLP;Endpoint Encryption;Control Manager;OfficeScan Plug-in Security for Mac;Mobile Security;end,2,Americas,500+
Worry-Free Business Security Service;OfficeScan;OfficeScan Plug-in DLP;end,2,Americas,500+
Worry-Free Business Security Service;OfficeScan;Endpoint Encryption;end,2,Americas,500+
Worry-Free Business Security Service;OfficeScan;end,6,Americas,500+
Worry-Free Business Security Service;OfficeScan Plug-in Security for Mac;end,2,Americas,500+
Worry-Free Business Security Service;Mobile Security;OfficeScan Plug-in DLP;Vulnerability Protection;Control Manager;end,2,Americas,500+
Worry-Free Business Security Service;Endpoint Encryption;OfficeScan;Control Manager;OfficeScan Plug-in Security for Mac;end,2,Americas,500+
Worry-Free Business Security Service;Control Manager;OfficeScan;OfficeScan Plug-in Security for Mac;Endpoint Application Control;OfficeScan Plug-in DLP;Endpoint Encryption;end,2,Americas,500+
Worry-Free Business Security Service;end,20,Americas,500+
Vulnerability Protection;OfficeScan;Mobile Security;end,2,Americas,500+
Vulnerability Protection;OfficeScan Plug-in DLP;end,2,Americas,500+
OfficeScan;Worry-Free Business Security Service;Vulnerability Protection;Control Manager;end,2,Americas,500+
OfficeScan;Worry-Free Business Security Service;OfficeScan Plug-in Security for Mac;end,2,Americas,500+
OfficeScan;Worry-Free Business Security Service;OfficeScan Plug-in DLP;Control Manager;Vulnerability Protection;Endpoint Application Control;end,2,Americas,500+
OfficeScan;Worry-Free Business Security Service;Mobile Security;Endpoint Encryption;end,2,Americas,500+
OfficeScan;Worry-Free Business Security Service;Endpoint Encryption;Vulnerability Protection;Control Manager;Endpoint Application Control;end,2,Americas,500+
OfficeScan;Worry-Free Business Security Service;Endpoint Application Control;OfficeScan Plug-in DLP;end,2,Americas,500+
OfficeScan;Worry-Free Business Security Service;end,4,Americas,500+
OfficeScan;Vulnerability Protection;Worry-Free Business Security Service;OfficeScan Plug-in Security for Mac;Endpoint Encryption;Control Manager;Mobile Security;Endpoint Application Control;end,2,Americas,500+
OfficeScan;Vulnerability Protection;Worry-Free Business Security Service;Mobile Security;OfficeScan Plug-in DLP;Endpoint Application Control;end,2,Americas,500+
OfficeScan;Vulnerability Protection;Worry-Free Business Security Service;end,2,Americas,500+
OfficeScan;Vulnerability Protection;Server Protect for Linux;OfficeScan Plug-in Security for Mac;Control Manager;Endpoint Encryption;Mobile Security;end,2,Americas,500+
OfficeScan;Vulnerability Protection;OfficeScan Plug-in DLP;Mobile Security;Control Manager;end,2,Americas,500+
OfficeScan;Vulnerability Protection;OfficeScan Plug-in DLP;Control Manager;Endpoint Application Control;Mobile Security;Endpoint Encryption;Worry-Free Business Security Service;end,2,Americas,500+
OfficeScan;Vulnerability Protection;OfficeScan Plug-in DLP;end,2,Americas,500+
OfficeScan;Vulnerability Protection;Mobile Security;OfficeScan Plug-in DLP;Worry-Free Business Security Service;end,2,Americas,500+
OfficeScan;Vulnerability Protection;Mobile Security;OfficeScan Plug-in DLP;end,2,Americas,500+
OfficeScan;Vulnerability Protection;Mobile Security;Endpoint Application Control;Control Manager;OfficeScan Plug-in DLP;Endpoint Encryption;end,2,Americas,500+
OfficeScan;Vulnerability Protection;Mobile Security;Endpoint Application Control;end,4,Americas,500+
OfficeScan;Vulnerability Protection;Endpoint Encryption;OfficeScan Plug-in DLP;end,4,Americas,500+
OfficeScan;Vulnerability Protection;Endpoint Encryption;Endpoint Application Control;OfficeScan Plug-in Security for Mac;end,2,Americas,500+
OfficeScan;Vulnerability Protection;Endpoint Encryption;Control Manager;OfficeScan Plug-in DLP;end,2,Americas,500+
OfficeScan;Vulnerability Protection;Endpoint Application Control;Mobile Security;Endpoint Encryption;Control Manager;OfficeScan Plug-in DLP;end,2,Americas,500+
OfficeScan;Vulnerability Protection;Endpoint Application Control;Endpoint Encryption;end,4,Americas,500+
OfficeScan;Vulnerability Protection;Control Manager;Endpoint Encryption;Mobile Security;OfficeScan Plug-in DLP;OfficeScan Plug-in Security for Mac;end,2,Americas,500+
OfficeScan;Vulnerability Protection;Control Manager;Endpoint Application Control;OfficeScan Plug-in DLP;Mobile Security;Endpoint Encryption;end,2,Americas,500+
OfficeScan;Vulnerability Protection;Control Manager;Endpoint Application Control;Mobile Security;Endpoint Encryption;OfficeScan Plug-in DLP;end,2,Americas,500+
OfficeScan;Vulnerability Protection;Control Manager;Endpoint Application Control;Endpoint Encryption;end,2,Americas,500+
OfficeScan;Vulnerability Protection;Control Manager;end,10,Americas,500+
OfficeScan;Vulnerability Protection;end,10,Americas,500+
OfficeScan;Server Protect for Linux;Endpoint Encryption;Control Manager;end,2,Americas,500+
OfficeScan;Server Protect for Linux;end,4,Americas,500+
OfficeScan;OfficeScan Plug-in Security for Mac;Worry-Free Business Security Service;end,2,Americas,500+
OfficeScan;OfficeScan Plug-in Security for Mac;OfficeScan Plug-in DLP;Endpoint Encryption;end,2,Americas,500+
OfficeScan;OfficeScan Plug-in Security for Mac;OfficeScan Plug-in DLP;Control Manager;Vulnerability Protection;end,2,Americas,500+
OfficeScan;OfficeScan Plug-in Security for Mac;OfficeScan Plug-in DLP;end,4,Americas,500+
OfficeScan;OfficeScan Plug-in Security for Mac;Endpoint Encryption;OfficeScan Plug-in DLP;end,2,Americas,500+
OfficeScan;OfficeScan Plug-in Security for Mac;Endpoint Encryption;Mobile Security;Worry-Free Business Security Service;Vulnerability Protection;OfficeScan Plug-in DLP;Endpoint Application Control;Server Protect for Linux;Control Manager;end,2,Americas,500+
OfficeScan;OfficeScan Plug-in Security for Mac;Endpoint Encryption;end,2,Americas,500+
OfficeScan;OfficeScan Plug-in Security for Mac;Control Manager;Vulnerability Protection;Endpoint Encryption;Server Protect for Linux;end,2,Americas,500+
OfficeScan;OfficeScan Plug-in Security for Mac;Control Manager;OfficeScan Plug-in DLP;Endpoint Encryption;end,2,Americas,500+
OfficeScan;OfficeScan Plug-in Security for Mac;Control Manager;end,4,Americas,500+
OfficeScan;OfficeScan Plug-in Security for Mac;end,12,Americas,500+
OfficeScan;OfficeScan Plug-in DLP;Worry-Free Business Security Service;Mobile Security;Control Manager;Vulnerability Protection;Endpoint Application Control;Endpoint Encryption;end,2,Americas,500+
OfficeScan;OfficeScan Plug-in DLP;Worry-Free Business Security Service;Endpoint Application Control;Vulnerability Protection;Control Manager;end,2,Americas,500+
OfficeScan;OfficeScan Plug-in DLP;Worry-Free Business Security Service;Control Manager;Endpoint Encryption;Vulnerability Protection;Endpoint Application Control;end,2,Americas,500+
OfficeScan;OfficeScan Plug-in DLP;Worry-Free Business Security Service;Control Manager;end,2,Americas,500+
OfficeScan;OfficeScan Plug-in DLP;Worry-Free Business Security Service;end,2,Americas,500+
OfficeScan;OfficeScan Plug-in DLP;Vulnerability Protection;OfficeScan Plug-in Security for Mac;Endpoint Encryption;end,2,Americas,500+
OfficeScan;OfficeScan Plug-in DLP;Vulnerability Protection;Control Manager;end,2,Americas,500+
OfficeScan;OfficeScan Plug-in DLP;OfficeScan Plug-in VDI;end,2,Americas,500+
OfficeScan;OfficeScan Plug-in DLP;OfficeScan Plug-in Security for Mac;Worry-Free Business Security Service;end,2,Americas,500+
OfficeScan;OfficeScan Plug-in DLP;OfficeScan Plug-in Security for Mac;Vulnerability Protection;Endpoint Application Control;Mobile Security;end,2,Americas,500+
OfficeScan;OfficeScan Plug-in DLP;OfficeScan Plug-in Security for Mac;Control Manager;end,2,Americas,500+
OfficeScan;OfficeScan Plug-in DLP;OfficeScan Plug-in Security for Mac;end,4,Americas,500+
OfficeScan;OfficeScan Plug-in DLP;Mobile Security;Worry-Free Business Security Service;end,2,Americas,500+
OfficeScan;OfficeScan Plug-in DLP;Mobile Security;Endpoint Application Control;end,2,Americas,500+
OfficeScan;OfficeScan Plug-in DLP;Mobile Security;end,2,Americas,500+
OfficeScan;OfficeScan Plug-in DLP;Endpoint Encryption;Control Manager;end,2,Americas,500+
OfficeScan;OfficeScan Plug-in DLP;Endpoint Encryption;end,2,Americas,500+
OfficeScan;OfficeScan Plug-in DLP;Endpoint Application Control;Vulnerability Protection;Control Manager;end,2,Americas,500+
OfficeScan;OfficeScan Plug-in DLP;Endpoint Application Control;end,2,Americas,500+
OfficeScan;OfficeScan Plug-in DLP;Control Manager;Mobile Security;Endpoint Encryption;end,2,Americas,500+
OfficeScan;OfficeScan Plug-in DLP;Control Manager;Mobile Security;end,2,Americas,500+
OfficeScan;OfficeScan Plug-in DLP;Control Manager;Endpoint Encryption;end,4,Americas,500+
OfficeScan;OfficeScan Plug-in DLP;Control Manager;end,2,Americas,500+
OfficeScan;OfficeScan Plug-in DLP;end,26,Americas,500+
OfficeScan;Mobile Security;Vulnerability Protection;OfficeScan Plug-in Security for Mac;Worry-Free Business Security Service;end,2,Americas,500+
OfficeScan;Mobile Security;Server Protect for Linux;Vulnerability Protection;end,2,Americas,500+
OfficeScan;Mobile Security;OfficeScan Plug-in Security for Mac;Endpoint Encryption;OfficeScan Plug-in DLP;Vulnerability Protection;Worry-Free Business Security Service;Control Manager;end,2,Americas,500+
OfficeScan;Mobile Security;Endpoint Encryption;Vulnerability Protection;Endpoint Application Control;OfficeScan Plug-in DLP;end,2,Americas,500+
OfficeScan;Mobile Security;Endpoint Encryption;end,2,Americas,500+
OfficeScan;Mobile Security;end,14,Americas,500+
OfficeScan;Endpoint Encryption;Worry-Free Business Security Service;end,4,Americas,500+
OfficeScan;Endpoint Encryption;Vulnerability Protection;Endpoint Application Control;Control Manager;OfficeScan Plug-in Security for Mac;end,2,Americas,500+
OfficeScan;Endpoint Encryption;Vulnerability Protection;Control Manager;Endpoint Application Control;OfficeScan Plug-in DLP;end,2,Americas,500+
OfficeScan;Endpoint Encryption;Vulnerability Protection;end,2,Americas,500+
OfficeScan;Endpoint Encryption;OfficeScan Plug-in DLP;end,2,Americas,500+
OfficeScan;Endpoint Encryption;Mobile Security;OfficeScan Plug-in DLP;OfficeScan Plug-in Security for Mac;OfficeScan Plug-in VDI;Vulnerability Protection;Endpoint Application Control;Control Manager;end,2,Americas,500+
OfficeScan;Endpoint Encryption;Mobile Security;Control Manager;end,4,Americas,500+
OfficeScan;Endpoint Encryption;Control Manager;Worry-Free Business Security Service;end,2,Americas,500+
OfficeScan;Endpoint Encryption;Control Manager;end,2,Americas,500+
OfficeScan;Endpoint Encryption;end,16,Americas,500+
OfficeScan;Endpoint Application Control;Vulnerability Protection;Worry-Free Business Security Service;end,2,Americas,500+
OfficeScan;Endpoint Application Control;Vulnerability Protection;end,4,Americas,500+
OfficeScan;Endpoint Application Control;OfficeScan Plug-in DLP;Vulnerability Protection;Endpoint Encryption;Worry-Free Business Security Service;Control Manager;end,2,Americas,500+
OfficeScan;Endpoint Application Control;OfficeScan Plug-in DLP;Vulnerability Protection;Control Manager;OfficeScan Plug-in Security for Mac;Endpoint Encryption;Mobile Security;end,2,Americas,500+
OfficeScan;Endpoint Application Control;OfficeScan Plug-in DLP;end,4,Americas,500+
OfficeScan;Endpoint Application Control;Endpoint Encryption;OfficeScan Plug-in Security for Mac;Vulnerability Protection;Control Manager;end,2,Americas,500+
OfficeScan;Endpoint Application Control;Control Manager;Vulnerability Protection;Endpoint Encryption;OfficeScan Plug-in Security for Mac;Server Protect for Linux;end,2,Americas,500+
OfficeScan;Endpoint Application Control;Control Manager;end,2,Americas,500+
OfficeScan;Endpoint Application Control;end,4,Americas,500+
OfficeScan;Control Manager;Worry-Free Business Security Service;OfficeScan Plug-in DLP;Endpoint Application Control;end,2,Americas,500+
OfficeScan;Control Manager;Vulnerability Protection;OfficeScan Plug-in Security for Mac;Endpoint Application Control;OfficeScan Plug-in DLP;end,2,Americas,500+
OfficeScan;Control Manager;Vulnerability Protection;OfficeScan Plug-in DLP;OfficeScan Plug-in Security for Mac;end,2,Americas,500+
OfficeScan;Control Manager;OfficeScan Plug-in VDI;Endpoint Application Control;Vulnerability Protection;Mobile Security;Endpoint Encryption;OfficeScan Plug-in DLP;OfficeScan Plug-in Security for Mac;end,2,Americas,500+
OfficeScan;Control Manager;OfficeScan Plug-in Security for Mac;OfficeScan Plug-in DLP;end,2,Americas,500+
OfficeScan;Control Manager;OfficeScan Plug-in Security for Mac;Mobile Security;Server Protect for Linux;OfficeScan Plug-in DLP;Vulnerability Protection;end,2,Americas,500+
OfficeScan;Control Manager;OfficeScan Plug-in Security for Mac;Endpoint Application Control;end,2,Americas,500+
OfficeScan;Control Manager;OfficeScan Plug-in Security for Mac;end,2,Americas,500+
OfficeScan;Control Manager;OfficeScan Plug-in DLP;Worry-Free Business Security Service;Mobile Security;end,2,Americas,500+
OfficeScan;Control Manager;OfficeScan Plug-in DLP;Vulnerability Protection;Endpoint Encryption;end,2,Americas,500+
OfficeScan;Control Manager;OfficeScan Plug-in DLP;OfficeScan Plug-in Security for Mac;end,2,Americas,500+
OfficeScan;Control Manager;OfficeScan Plug-in DLP;Mobile Security;OfficeScan Plug-in Security for Mac;end,2,Americas,500+
OfficeScan;Control Manager;OfficeScan Plug-in DLP;end,6,Americas,500+
OfficeScan;Control Manager;Mobile Security;Vulnerability Protection;Endpoint Application Control;end,2,Americas,500+
OfficeScan;Control Manager;Mobile Security;Server Protect for Linux;OfficeScan Plug-in Security for Mac;end,2,Americas,500+
OfficeScan;Control Manager;Endpoint Encryption;OfficeScan Plug-in DLP;Vulnerability Protection;Endpoint Application Control;OfficeScan Plug-in Security for Mac;end,2,Americas,500+
OfficeScan;Control Manager;Endpoint Encryption;Mobile Security;Server Protect for Linux;OfficeScan Plug-in Security for Mac;OfficeScan Plug-in VDI;Endpoint Application Control;Vulnerability Protection;OfficeScan Plug-in DLP;end,2,Americas,500+
OfficeScan;Control Manager;Endpoint Encryption;Mobile Security;end,2,Americas,500+
OfficeScan;Control Manager;Endpoint Encryption;end,10,Americas,500+
OfficeScan;Control Manager;Endpoint Application Control;Endpoint Encryption;OfficeScan Plug-in DLP;Vulnerability Protection;end,2,Americas,500+
OfficeScan;Control Manager;end,30,Americas,500+
OfficeScan;end,112,Americas,500+
OfficeScan Plug-in Security for Mac;OfficeScan;OfficeScan Plug-in DLP;Control Manager;end,2,Americas,500+
OfficeScan Plug-in Security for Mac;Endpoint Encryption;OfficeScan;Control Manager;end,2,Americas,500+
OfficeScan Plug-in DLP;OfficeScan;Server Protect for Linux;OfficeScan Plug-in VDI;Control Manager;Vulnerability Protection;OfficeScan Plug-in Security for Mac;end,2,Americas,500+
OfficeScan Plug-in DLP;OfficeScan;Mobile Security;end,2,Americas,500+
OfficeScan Plug-in DLP;OfficeScan;Control Manager;end,2,Americas,500+
OfficeScan Plug-in DLP;OfficeScan;end,10,Americas,500+
OfficeScan Plug-in DLP;Endpoint Application Control;OfficeScan;end,2,Americas,500+
OfficeScan Plug-in DLP;end,2,Americas,500+
Mobile Security;OfficeScan;Vulnerability Protection;end,2,Americas,500+
Mobile Security;OfficeScan;end,2,Americas,500+
Mobile Security;Endpoint Encryption;Endpoint Application Control;OfficeScan Plug-in DLP;Vulnerability Protection;OfficeScan;end,2,Americas,500+
Mobile Security;Control Manager;OfficeScan;OfficeScan Plug-in DLP;Endpoint Encryption;end,2,Americas,500+
Endpoint Encryption;Worry-Free Business Security Service;OfficeScan Plug-in DLP;OfficeScan;OfficeScan Plug-in Security for Mac;end,2,Americas,500+
Endpoint Encryption;Vulnerability Protection;Worry-Free Business Security Service;Endpoint Application Control;end,2,Americas,500+
Endpoint Encryption;OfficeScan;Vulnerability Protection;OfficeScan Plug-in DLP;end,2,Americas,500+
Endpoint Encryption;OfficeScan;OfficeScan Plug-in DLP;Control Manager;end,2,Americas,500+
Endpoint Encryption;OfficeScan;OfficeScan Plug-in DLP;end,2,Americas,500+
Endpoint Encryption;OfficeScan;Control Manager;OfficeScan Plug-in DLP;Worry-Free Business Security Service;end,2,Americas,500+
Endpoint Encryption;OfficeScan;Control Manager;OfficeScan Plug-in DLP;Endpoint Application Control;end,2,Americas,500+
Endpoint Encryption;OfficeScan;Control Manager;Mobile Security;Endpoint Application Control;OfficeScan Plug-in Security for Mac;end,2,Americas,500+
Endpoint Encryption;OfficeScan;end,4,Americas,500+
Endpoint Encryption;OfficeScan Plug-in DLP;OfficeScan;Control Manager;end,2,Americas,500+
Endpoint Encryption;OfficeScan Plug-in DLP;Mobile Security;OfficeScan Plug-in Security for Mac;Vulnerability Protection;Endpoint Application Control;OfficeScan;end,2,Americas,500+
Endpoint Encryption;Mobile Security;OfficeScan;Vulnerability Protection;Worry-Free Business Security Service;Control Manager;Endpoint Application Control;end,2,Americas,500+
Endpoint Encryption;Mobile Security;Endpoint Application Control;OfficeScan Plug-in DLP;OfficeScan Plug-in Security for Mac;OfficeScan;Control Manager;end,2,Americas,500+
Endpoint Encryption;Control Manager;OfficeScan Plug-in DLP;Endpoint Application Control;OfficeScan;OfficeScan Plug-in Security for Mac;Vulnerability Protection;end,2,Americas,500+
Endpoint Application Control;Vulnerability Protection;OfficeScan;Control Manager;OfficeScan Plug-in Security for Mac;end,2,Americas,500+
Endpoint Application Control;OfficeScan;OfficeScan Plug-in DLP;Vulnerability Protection;Worry-Free Business Security Service;Control Manager;OfficeScan Plug-in Security for Mac;end,2,Americas,500+
Endpoint Application Control;OfficeScan;Endpoint Encryption;OfficeScan Plug-in DLP;Control Manager;Mobile Security;OfficeScan Plug-in Security for Mac;end,2,Americas,500+
Endpoint Application Control;Endpoint Encryption;Vulnerability Protection;Mobile Security;end,2,Americas,500+
Control Manager;OfficeScan;Worry-Free Business Security Service;end,6,Americas,500+
Control Manager;OfficeScan;Server Protect for Linux;end,2,Americas,500+
Control Manager;OfficeScan;OfficeScan Plug-in Security for Mac;Vulnerability Protection;OfficeScan Plug-in DLP;end,2,Americas,500+
Control Manager;OfficeScan;Endpoint Encryption;Vulnerability Protection;end,2,Americas,500+
Control Manager;Mobile Security;OfficeScan;OfficeScan Plug-in Security for Mac;end,2,Americas,500+
Control Manager;Endpoint Encryption;OfficeScan;Vulnerability Protection;end,2,Americas,500+
Control Manager;Endpoint Encryption;OfficeScan;Mobile Security;Vulnerability Protection;Endpoint Application Control;OfficeScan Plug-in DLP;Worry-Free Business Security Service;end,2,Americas,500+
Control Manager;Endpoint Encryption;Mobile Security;OfficeScan Plug-in DLP;OfficeScan Plug-in Security for Mac;OfficeScan Plug-in VDI;Vulnerability Protection;Endpoint Application Control;OfficeScan;end,2,Americas,500+
Worry-Free Business Security Service;OfficeScan;OfficeScan Plug-in Security for Mac;end,2,AMEA,0-100
Worry-Free Business Security Service;OfficeScan;Control Manager;OfficeScan Plug-in Security for Mac;OfficeScan Plug-in DLP;end,2,AMEA,0-100
Worry-Free Business Security Service;end,34,AMEA,0-100
Vulnerability Protection;OfficeScan;OfficeScan Plug-in Security for Mac;Control Manager;end,2,AMEA,0-100
Server Protect for Linux;OfficeScan;end,2,AMEA,0-100
OfficeScan;Worry-Free Business Security Service;Endpoint Encryption;OfficeScan Plug-in DLP;Control Manager;end,2,AMEA,0-100
OfficeScan;Worry-Free Business Security Service;Endpoint Application Control;end,2,AMEA,0-100
OfficeScan;Worry-Free Business Security Service;end,6,AMEA,0-100
OfficeScan;Vulnerability Protection;Endpoint Application Control;end,2,AMEA,0-100
OfficeScan;Vulnerability Protection;end,6,AMEA,0-100
OfficeScan;OfficeScan Plug-in Security for Mac;Worry-Free Business Security Service;end,2,AMEA,0-100
OfficeScan;OfficeScan Plug-in Security for Mac;end,4,AMEA,0-100
OfficeScan;OfficeScan Plug-in DLP;OfficeScan Plug-in Security for Mac;end,2,AMEA,0-100
OfficeScan;OfficeScan Plug-in DLP;Mobile Security;Control Manager;end,2,AMEA,0-100
OfficeScan;OfficeScan Plug-in DLP;Endpoint Application Control;Worry-Free Business Security Service;Endpoint Encryption;Vulnerability Protection;end,2,AMEA,0-100
OfficeScan;OfficeScan Plug-in DLP;end,16,AMEA,0-100
OfficeScan;Mobile Security;end,2,AMEA,0-100
OfficeScan;Endpoint Encryption;OfficeScan Plug-in Security for Mac;end,2,AMEA,0-100
OfficeScan;Endpoint Encryption;end,2,AMEA,0-100
OfficeScan;Endpoint Application Control;Endpoint Encryption;Vulnerability Protection;OfficeScan Plug-in Security for Mac;OfficeScan Plug-in DLP;Control Manager;OfficeScan Plug-in VDI;end,2,AMEA,0-100
OfficeScan;Endpoint Application Control;Endpoint Encryption;end,2,AMEA,0-100
OfficeScan;Endpoint Application Control;end,2,AMEA,0-100
OfficeScan;Control Manager;Worry-Free Business Security Service;end,2,AMEA,0-100
OfficeScan;Control Manager;OfficeScan Plug-in DLP;Worry-Free Business Security Service;end,2,AMEA,0-100
OfficeScan;Control Manager;Endpoint Encryption;Endpoint Application Control;OfficeScan Plug-in DLP;end,2,AMEA,0-100
OfficeScan;Control Manager;end,4,AMEA,0-100
OfficeScan;end,54,AMEA,0-100
OfficeScan Plug-in DLP;OfficeScan;end,2,AMEA,0-100
OfficeScan Plug-in DLP;Endpoint Application Control;end,2,AMEA,0-100
Endpoint Encryption;OfficeScan;OfficeScan Plug-in DLP;end,2,AMEA,0-100
Endpoint Encryption;OfficeScan Plug-in DLP;Endpoint Application Control;OfficeScan;end,2,AMEA,0-100
Endpoint Application Control;OfficeScan;end,2,AMEA,0-100
Control Manager;Worry-Free Business Security Service;end,2,AMEA,0-100
Control Manager;OfficeScan;OfficeScan Plug-in DLP;Endpoint Application Control;end,2,AMEA,0-100
Worry-Free Business Security Service;Mobile Security;end,2,AMEA,101-500
Worry-Free Business Security Service;Control Manager;end,2,AMEA,101-500
Worry-Free Business Security Service;end,34,AMEA,101-500
Vulnerability Protection;OfficeScan;Endpoint Encryption;end,2,AMEA,101-500
Vulnerability Protection;end,2,AMEA,101-500
Server Protect for Linux;Control Manager;Server Protect for Windows/NetWare;end,2,AMEA,101-500
OfficeScan;Worry-Free Business Security Service;Server Protect for Windows/NetWare;end,2,AMEA,101-500
OfficeScan;Worry-Free Business Security Service;OfficeScan Plug-in DLP;end,2,AMEA,101-500
OfficeScan;Worry-Free Business Security Service;Control Manager;Endpoint Application Control;OfficeScan Plug-in DLP;end,2,AMEA,101-500
OfficeScan;Worry-Free Business Security Service;end,8,AMEA,101-500
OfficeScan;Vulnerability Protection;Worry-Free Business Security Service;end,2,AMEA,101-500
OfficeScan;Vulnerability Protection;OfficeScan Plug-in DLP;end,2,AMEA,101-500
OfficeScan;Vulnerability Protection;Endpoint Encryption;Endpoint Application Control;OfficeScan Plug-in DLP;end,2,AMEA,101-500
OfficeScan;Vulnerability Protection;Endpoint Application Control;OfficeScan Plug-in DLP;Endpoint Encryption;Control Manager;end,2,AMEA,101-500
OfficeScan;Vulnerability Protection;Endpoint Application Control;Endpoint Encryption;end,2,AMEA,101-500
OfficeScan;Vulnerability Protection;Endpoint Application Control;Control Manager;Worry-Free Business Security Service;Endpoint Encryption;end,2,AMEA,101-500
OfficeScan;Vulnerability Protection;Endpoint Application Control;end,4,AMEA,101-500
OfficeScan;Vulnerability Protection;Control Manager;Mobile Security;end,2,AMEA,101-500
OfficeScan;Vulnerability Protection;end,6,AMEA,101-500
OfficeScan;OfficeScan Plug-in Security for Mac;Worry-Free Business Security Service;end,2,AMEA,101-500
OfficeScan;OfficeScan Plug-in Security for Mac;OfficeScan Plug-in DLP;end,2,AMEA,101-500
OfficeScan;OfficeScan Plug-in Security for Mac;Control Manager;end,2,AMEA,101-500
OfficeScan;OfficeScan Plug-in Security for Mac;end,4,AMEA,101-500
OfficeScan;OfficeScan Plug-in DLP;Worry-Free Business Security Service;end,12,AMEA,101-500
OfficeScan;OfficeScan Plug-in DLP;Vulnerability Protection;Endpoint Application Control;Control Manager;end,2,AMEA,101-500
OfficeScan;OfficeScan Plug-in DLP;Vulnerability Protection;Control Manager;end,2,AMEA,101-500
OfficeScan;OfficeScan Plug-in DLP;Vulnerability Protection;end,2,AMEA,101-500
OfficeScan;OfficeScan Plug-in DLP;OfficeScan Plug-in Security for Mac;end,2,AMEA,101-500
OfficeScan;OfficeScan Plug-in DLP;Mobile Security;end,2,AMEA,101-500
OfficeScan;OfficeScan Plug-in DLP;Endpoint Encryption;end,2,AMEA,101-500
OfficeScan;OfficeScan Plug-in DLP;Endpoint Application Control;Vulnerability Protection;Endpoint Encryption;end,2,AMEA,101-500
OfficeScan;OfficeScan Plug-in DLP;Control Manager;Endpoint Encryption;end,2,AMEA,101-500
OfficeScan;OfficeScan Plug-in DLP;Control Manager;end,6,AMEA,101-500
OfficeScan;OfficeScan Plug-in DLP;end,48,AMEA,101-500
OfficeScan;Mobile Security;Control Manager;OfficeScan Plug-in Security for Mac;end,2,AMEA,101-500
OfficeScan;Mobile Security;end,2,AMEA,101-500
OfficeScan;Endpoint Encryption;OfficeScan Plug-in Security for Mac;Control Manager;end,2,AMEA,101-500
OfficeScan;Endpoint Encryption;OfficeScan Plug-in DLP;Vulnerability Protection;end,4,AMEA,101-500
OfficeScan;Endpoint Encryption;Endpoint Application Control;Vulnerability Protection;OfficeScan Plug-in DLP;Worry-Free Business Security Service;Control Manager;end,2,AMEA,101-500
OfficeScan;Endpoint Encryption;Control Manager;Endpoint Application Control;end,2,AMEA,101-500
OfficeScan;Endpoint Encryption;end,4,AMEA,101-500
OfficeScan;Endpoint Application Control;Vulnerability Protection;OfficeScan Plug-in DLP;Endpoint Encryption;end,2,AMEA,101-500
OfficeScan;Endpoint Application Control;Vulnerability Protection;Control Manager;OfficeScan Plug-in DLP;end,2,AMEA,101-500
OfficeScan;Endpoint Application Control;Vulnerability Protection;end,2,AMEA,101-500
OfficeScan;Endpoint Application Control;OfficeScan Plug-in DLP;OfficeScan Plug-in VDI;OfficeScan Plug-in Security for Mac;end,2,AMEA,101-500
OfficeScan;Control Manager;Worry-Free Business Security Service;end,2,AMEA,101-500
OfficeScan;Control Manager;Vulnerability Protection;OfficeScan Plug-in DLP;end,2,AMEA,101-500
OfficeScan;Control Manager;OfficeScan Plug-in Security for Mac;Mobile Security;end,2,AMEA,101-500
OfficeScan;Control Manager;OfficeScan Plug-in Security for Mac;end,2,AMEA,101-500
OfficeScan;Control Manager;OfficeScan Plug-in DLP;end,2,AMEA,101-500
OfficeScan;Control Manager;Endpoint Encryption;Mobile Security;Endpoint Application Control;Vulnerability Protection;OfficeScan Plug-in VDI;OfficeScan Plug-in Security for Mac;OfficeScan Plug-in DLP;Worry-Free Business Security Service;end,2,AMEA,101-500
OfficeScan;Control Manager;end,4,AMEA,101-500
OfficeScan;end,106,AMEA,101-500
OfficeScan Plug-in DLP;Worry-Free Business Security Service;Control Manager;OfficeScan;Vulnerability Protection;end,2,AMEA,101-500
OfficeScan Plug-in DLP;OfficeScan;end,2,AMEA,101-500
OfficeScan Plug-in DLP;OfficeScan Plug-in Security for Mac;OfficeScan Plug-in VDI;Endpoint Encryption;Mobile Security;Vulnerability Protection;Endpoint Application Control;Worry-Free Business Security Service;OfficeScan;Control Manager;end,2,AMEA,101-500
OfficeScan Plug-in DLP;Control Manager;Worry-Free Business Security Service;end,2,AMEA,101-500
Mobile Security;Endpoint Application Control;Vulnerability Protection;OfficeScan;OfficeScan Plug-in DLP;Control Manager;end,2,AMEA,101-500
Endpoint Encryption;OfficeScan;OfficeScan Plug-in DLP;Worry-Free Business Security Service;Endpoint Application Control;end,2,AMEA,101-500
Endpoint Application Control;Vulnerability Protection;OfficeScan;OfficeScan Plug-in DLP;end,2,AMEA,101-500
Endpoint Application Control;Vulnerability Protection;OfficeScan;end,2,AMEA,101-500
Endpoint Application Control;Vulnerability Protection;end,2,AMEA,101-500
Endpoint Application Control;OfficeScan;OfficeScan Plug-in DLP;Control Manager;Worry-Free Business Security Service;end,2,AMEA,101-500
Endpoint Application Control;OfficeScan;OfficeScan Plug-in DLP;end,4,AMEA,101-500
Endpoint Application Control;OfficeScan;Control Manager;end,2,AMEA,101-500
Endpoint Application Control;OfficeScan;end,4,AMEA,101-500
Endpoint Application Control;end,2,AMEA,101-500
Control Manager;OfficeScan;Vulnerability Protection;OfficeScan Plug-in DLP;Endpoint Application Control;Endpoint Encryption;OfficeScan Plug-in VDI;Worry-Free Business Security Service;end,2,AMEA,101-500
Control Manager;OfficeScan;end,4,AMEA,101-500
Control Manager;Mobile Security;OfficeScan;OfficeScan Plug-in DLP;end,2,AMEA,101-500
Control Manager;Endpoint Application Control;Endpoint Encryption;Mobile Security;OfficeScan Plug-in DLP;OfficeScan Plug-in Security for Mac;OfficeScan Plug-in VDI;Vulnerability Protection;OfficeScan;Worry-Free Business Security Service;end,2,AMEA,101-500
Worry-Free Business Security Service;OfficeScan;OfficeScan Plug-in DLP;Control Manager;Vulnerability Protection;Endpoint Application Control;end,2,AMEA,500+
Worry-Free Business Security Service;Mobile Security;OfficeScan;OfficeScan Plug-in DLP;Control Manager;Vulnerability Protection;Endpoint Encryption;Endpoint Application Control;end,2,AMEA,500+
Worry-Free Business Security Service;end,6,AMEA,500+
Vulnerability Protection;OfficeScan;OfficeScan Plug-in DLP;Worry-Free Business Security Service;Control Manager;Endpoint Application Control;end,2,AMEA,500+
Vulnerability Protection;OfficeScan Plug-in Security for Mac;OfficeScan;OfficeScan Plug-in DLP;Worry-Free Business Security Service;Endpoint Application Control;Endpoint Encryption;end,2,AMEA,500+
Vulnerability Protection;Endpoint Encryption;OfficeScan;OfficeScan Plug-in DLP;Worry-Free Business Security Service;Control Manager;Endpoint Application Control;end,2,AMEA,500+
Vulnerability Protection;end,2,AMEA,500+
OfficeScan;Worry-Free Business Security Service;Vulnerability Protection;end,2,AMEA,500+
OfficeScan;Worry-Free Business Security Service;OfficeScan Plug-in DLP;OfficeScan Plug-in Security for Mac;end,2,AMEA,500+
OfficeScan;Worry-Free Business Security Service;OfficeScan Plug-in DLP;end,2,AMEA,500+
OfficeScan;Worry-Free Business Security Service;Endpoint Application Control;end,2,AMEA,500+
OfficeScan;Worry-Free Business Security Service;Control Manager;end,2,AMEA,500+
OfficeScan;Worry-Free Business Security Service;end,8,AMEA,500+
OfficeScan;Vulnerability Protection;Worry-Free Business Security Service;Control Manager;Endpoint Encryption;end,2,AMEA,500+
OfficeScan;Vulnerability Protection;OfficeScan Plug-in DLP;Mobile Security;Endpoint Encryption;end,2,AMEA,500+
OfficeScan;Vulnerability Protection;end,2,AMEA,500+
OfficeScan;OfficeScan Plug-in Security for Mac;Control Manager;Endpoint Encryption;Vulnerability Protection;end,2,AMEA,500+
OfficeScan;OfficeScan Plug-in Security for Mac;Control Manager;end,2,AMEA,500+
OfficeScan;OfficeScan Plug-in Security for Mac;end,2,AMEA,500+
OfficeScan;OfficeScan Plug-in DLP;Worry-Free Business Security Service;Endpoint Application Control;end,2,AMEA,500+
OfficeScan;OfficeScan Plug-in DLP;Worry-Free Business Security Service;end,2,AMEA,500+
OfficeScan;OfficeScan Plug-in DLP;Vulnerability Protection;Control Manager;Worry-Free Business Security Service;end,2,AMEA,500+
OfficeScan;OfficeScan Plug-in DLP;OfficeScan Plug-in Security for Mac;Control Manager;end,2,AMEA,500+
OfficeScan;OfficeScan Plug-in DLP;OfficeScan Plug-in Security for Mac;end,2,AMEA,500+
OfficeScan;OfficeScan Plug-in DLP;Mobile Security;Vulnerability Protection;end,2,AMEA,500+
OfficeScan;OfficeScan Plug-in DLP;Mobile Security;Endpoint Encryption;Vulnerability Protection;Endpoint Application Control;Control Manager;end,2,AMEA,500+
OfficeScan;OfficeScan Plug-in DLP;Endpoint Encryption;Endpoint Application Control;Mobile Security;Vulnerability Protection;Control Manager;end,2,AMEA,500+
OfficeScan;OfficeScan Plug-in DLP;Endpoint Application Control;Control Manager;OfficeScan Plug-in Security for Mac;end,2,AMEA,500+
OfficeScan;OfficeScan Plug-in DLP;Control Manager;end,4,AMEA,500+
OfficeScan;OfficeScan Plug-in DLP;end,12,AMEA,500+
OfficeScan;Mobile Security;OfficeScan Plug-in DLP;end,2,AMEA,500+
OfficeScan;Mobile Security;Control Manager;end,2,AMEA,500+
OfficeScan;Endpoint Encryption;OfficeScan Plug-in DLP;end,2,AMEA,500+
OfficeScan;Endpoint Encryption;end,4,AMEA,500+
OfficeScan;Endpoint Application Control;OfficeScan Plug-in DLP;end,2,AMEA,500+
OfficeScan;Endpoint Application Control;Control Manager;Endpoint Encryption;end,2,AMEA,500+
OfficeScan;Endpoint Application Control;Control Manager;end,2,AMEA,500+
OfficeScan;Endpoint Application Control;end,2,AMEA,500+
OfficeScan;Control Manager;Vulnerability Protection;end,2,AMEA,500+
OfficeScan;Control Manager;OfficeScan Plug-in DLP;Vulnerability Protection;Endpoint Application Control;OfficeScan Plug-in Security for Mac;end,2,AMEA,500+
OfficeScan;Control Manager;OfficeScan Plug-in DLP;Endpoint Application Control;Worry-Free Business Security Service;end,2,AMEA,500+
OfficeScan;Control Manager;OfficeScan Plug-in DLP;end,2,AMEA,500+
OfficeScan;Control Manager;Endpoint Encryption;OfficeScan Plug-in DLP;Endpoint Application Control;end,2,AMEA,500+
OfficeScan;Control Manager;Endpoint Encryption;end,2,AMEA,500+
OfficeScan;Control Manager;end,16,AMEA,500+
OfficeScan;end,56,AMEA,500+
OfficeScan Plug-in VDI;OfficeScan Plug-in Security for Mac;OfficeScan;OfficeScan Plug-in DLP;Endpoint Application Control;Mobile Security;end,2,AMEA,500+
OfficeScan Plug-in Security for Mac;OfficeScan;Control Manager;OfficeScan Plug-in DLP;end,2,AMEA,500+
OfficeScan Plug-in Security for Mac;OfficeScan;Control Manager;end,2,AMEA,500+
OfficeScan Plug-in DLP;OfficeScan;Endpoint Application Control;Vulnerability Protection;Control Manager;end,2,AMEA,500+
OfficeScan Plug-in DLP;OfficeScan;Control Manager;end,2,AMEA,500+
OfficeScan Plug-in DLP;OfficeScan;end,2,AMEA,500+
Endpoint Encryption;Endpoint Application Control;OfficeScan;Server Protect for Windows/NetWare;OfficeScan Plug-in DLP;Control Manager;Vulnerability Protection;end,2,AMEA,500+
Endpoint Encryption;Control Manager;OfficeScan;Vulnerability Protection;Endpoint Application Control;OfficeScan Plug-in DLP;Mobile Security;end,2,AMEA,500+
Endpoint Application Control;Vulnerability Protection;OfficeScan Plug-in Security for Mac;end,2,AMEA,500+
Endpoint Application Control;Server Protect for Linux;Control Manager;Vulnerability Protection;OfficeScan;OfficeScan Plug-in Security for Mac;OfficeScan Plug-in DLP;end,2,AMEA,500+
Endpoint Application Control;OfficeScan;Server Protect for Linux;Control Manager;end,2,AMEA,500+
Endpoint Application Control;OfficeScan;end,2,AMEA,500+
Endpoint Application Control;Mobile Security;OfficeScan;Control Manager;Endpoint Encryption;end,2,AMEA,500+
Endpoint Application Control;Control Manager;OfficeScan;OfficeScan Plug-in DLP;OfficeScan Plug-in Security for Mac;Vulnerability Protection;Worry-Free Business Security Service;end,2,AMEA,500+
Control Manager;OfficeScan;Worry-Free Business Security Service;end,2,AMEA,500+
Control Manager;OfficeScan;Vulnerability Protection;OfficeScan Plug-in DLP;end,2,AMEA,500+
Control Manager;OfficeScan;Vulnerability Protection;Mobile Security;end,2,AMEA,500+
Control Manager;OfficeScan;OfficeScan Plug-in Security for Mac;Endpoint Application Control;end,2,AMEA,500+
Control Manager;OfficeScan;OfficeScan Plug-in DLP;OfficeScan Plug-in Security for Mac;end,2,AMEA,500+
Control Manager;OfficeScan;OfficeScan Plug-in DLP;Endpoint Application Control;end,2,AMEA,500+
Control Manager;OfficeScan;OfficeScan Plug-in DLP;end,2,AMEA,500+
Control Manager;OfficeScan;Mobile Security;OfficeScan Plug-in Security for Mac;end,2,AMEA,500+
Control Manager;OfficeScan;Endpoint Encryption;Endpoint Application Control;Vulnerability Protection;OfficeScan Plug-in DLP;end,2,AMEA,500+
Control Manager;OfficeScan;end,4,AMEA,500+
Control Manager;OfficeScan Plug-in VDI;Endpoint Application Control;OfficeScan Plug-in DLP;end,2,AMEA,500+
Worry-Free Business Security Service;end,4,Europe,0-100
OfficeScan;OfficeScan Plug-in Security for Mac;end,2,Europe,0-100
OfficeScan;OfficeScan Plug-in DLP;OfficeScan Plug-in Security for Mac;Control Manager;end,2,Europe,0-100
OfficeScan;OfficeScan Plug-in DLP;Endpoint Encryption;end,2,Europe,0-100
OfficeScan;OfficeScan Plug-in DLP;end,2,Europe,0-100
OfficeScan;Mobile Security;Endpoint Application Control;Control Manager;Endpoint Encryption;end,2,Europe,0-100
OfficeScan;Endpoint Encryption;Control Manager;end,2,Europe,0-100
OfficeScan;Control Manager;OfficeScan Plug-in DLP;Endpoint Encryption;OfficeScan Plug-in Security for Mac;Mobile Security;Vulnerability Protection;Endpoint Application Control;end,2,Europe,0-100
OfficeScan;Control Manager;Endpoint Application Control;end,2,Europe,0-100
OfficeScan;Control Manager;end,2,Europe,0-100
OfficeScan;end,4,Europe,0-100
OfficeScan Plug-in DLP;end,2,Europe,0-100
Endpoint Application Control;OfficeScan;OfficeScan Plug-in DLP;Vulnerability Protection;Control Manager;end,2,Europe,0-100
Worry-Free Business Security Service;OfficeScan;Control Manager;end,2,Europe,101-500
Worry-Free Business Security Service;OfficeScan;end,2,Europe,101-500
Worry-Free Business Security Service;end,16,Europe,101-500
Vulnerability Protection;OfficeScan;OfficeScan Plug-in DLP;Control Manager;end,2,Europe,101-500
Vulnerability Protection;OfficeScan;Mobile Security;end,2,Europe,101-500
Vulnerability Protection;OfficeScan;Control Manager;end,2,Europe,101-500
Vulnerability Protection;OfficeScan;end,2,Europe,101-500
OfficeScan;Worry-Free Business Security Service;Vulnerability Protection;Endpoint Application Control;Control Manager;OfficeScan Plug-in DLP;Endpoint Encryption;end,2,Europe,101-500
OfficeScan;Worry-Free Business Security Service;end,2,Europe,101-500
OfficeScan;Vulnerability Protection;end,2,Europe,101-500
OfficeScan;OfficeScan Plug-in Security for Mac;Vulnerability Protection;Endpoint Application Control;end,2,Europe,101-500
OfficeScan;OfficeScan Plug-in Security for Mac;OfficeScan Plug-in DLP;end,2,Europe,101-500
OfficeScan;OfficeScan Plug-in Security for Mac;Mobile Security;end,2,Europe,101-500
OfficeScan;OfficeScan Plug-in Security for Mac;Endpoint Encryption;Vulnerability Protection;Endpoint Application Control;Mobile Security;end,2,Europe,101-500
OfficeScan;OfficeScan Plug-in Security for Mac;Endpoint Encryption;Control Manager;end,2,Europe,101-500
OfficeScan;OfficeScan Plug-in Security for Mac;Control Manager;OfficeScan Plug-in DLP;end,2,Europe,101-500
OfficeScan;OfficeScan Plug-in Security for Mac;Control Manager;end,2,Europe,101-500
OfficeScan;OfficeScan Plug-in Security for Mac;end,8,Europe,101-500
OfficeScan;OfficeScan Plug-in DLP;Worry-Free Business Security Service;end,2,Europe,101-500
OfficeScan;OfficeScan Plug-in DLP;OfficeScan Plug-in Security for Mac;end,2,Europe,101-500
OfficeScan;OfficeScan Plug-in DLP;Endpoint Encryption;Mobile Security;end,2,Europe,101-500
OfficeScan;OfficeScan Plug-in DLP;Endpoint Encryption;Control Manager;end,2,Europe,101-500
OfficeScan;OfficeScan Plug-in DLP;Endpoint Encryption;end,4,Europe,101-500
OfficeScan;OfficeScan Plug-in DLP;end,8,Europe,101-500
OfficeScan;Mobile Security;Endpoint Encryption;OfficeScan Plug-in DLP;end,2,Europe,101-500
OfficeScan;Mobile Security;Endpoint Encryption;end,2,Europe,101-500
OfficeScan;Mobile Security;Endpoint Application Control;OfficeScan Plug-in DLP;Control Manager;Endpoint Encryption;end,2,Europe,101-500
OfficeScan;Mobile Security;Control Manager;end,2,Europe,101-500
OfficeScan;Mobile Security;end,4,Europe,101-500
OfficeScan;Endpoint Encryption;OfficeScan Plug-in Security for Mac;OfficeScan Plug-in DLP;Control Manager;end,2,Europe,101-500
OfficeScan;Endpoint Encryption;OfficeScan Plug-in DLP;Control Manager;end,2,Europe,101-500
OfficeScan;Endpoint Encryption;end,4,Europe,101-500
OfficeScan;Endpoint Application Control;Vulnerability Protection;OfficeScan Plug-in DLP;Control Manager;Worry-Free Business Security Service;end,2,Europe,101-500
OfficeScan;Endpoint Application Control;OfficeScan Plug-in Security for Mac;OfficeScan Plug-in DLP;Control Manager;Vulnerability Protection;Endpoint Encryption;Worry-Free Business Security Service;end,2,Europe,101-500
OfficeScan;Endpoint Application Control;Mobile Security;Vulnerability Protection;Control Manager;OfficeScan Plug-in DLP;end,2,Europe,101-500
OfficeScan;Endpoint Application Control;end,2,Europe,101-500
OfficeScan;Control Manager;OfficeScan Plug-in DLP;end,2,Europe,101-500
OfficeScan;Control Manager;Endpoint Encryption;Endpoint Application Control;end,2,Europe,101-500
OfficeScan;Control Manager;Endpoint Application Control;Vulnerability Protection;end,2,Europe,101-500
OfficeScan;Control Manager;Endpoint Application Control;Endpoint Encryption;Mobile Security;OfficeScan Plug-in DLP;OfficeScan Plug-in Security for Mac;Server Protect for Linux;Vulnerability Protection;end,2,Europe,101-500
OfficeScan;Control Manager;end,10,Europe,101-500
OfficeScan;end,70,Europe,101-500
OfficeScan Plug-in VDI;Vulnerability Protection;Endpoint Application Control;Worry-Free Business Security Service;OfficeScan;Control Manager;OfficeScan Plug-in DLP;Mobile Security;end,2,Europe,101-500
OfficeScan Plug-in Security for Mac;OfficeScan;Control Manager;Worry-Free Business Security Service;end,2,Europe,101-500
OfficeScan Plug-in Security for Mac;OfficeScan;Control Manager;OfficeScan Plug-in DLP;end,2,Europe,101-500
OfficeScan Plug-in DLP;Endpoint Encryption;Control Manager;Endpoint Application Control;end,2,Europe,101-500
Mobile Security;OfficeScan;Control Manager;OfficeScan Plug-in DLP;end,2,Europe,101-500
Mobile Security;OfficeScan;Control Manager;end,2,Europe,101-500
Endpoint Encryption;Worry-Free Business Security Service;end,2,Europe,101-500
Endpoint Encryption;OfficeScan;Control Manager;Worry-Free Business Security Service;end,2,Europe,101-500
Endpoint Encryption;OfficeScan Plug-in DLP;OfficeScan Plug-in Security for Mac;OfficeScan;end,2,Europe,101-500
Endpoint Encryption;Mobile Security;OfficeScan Plug-in VDI;Endpoint Application Control;Control Manager;OfficeScan;OfficeScan Plug-in DLP;OfficeScan Plug-in Security for Mac;Vulnerability Protection;end,2,Europe,101-500
Endpoint Encryption;Mobile Security;OfficeScan Plug-in DLP;OfficeScan Plug-in Security for Mac;OfficeScan Plug-in VDI;Vulnerability Protection;Endpoint Application Control;OfficeScan;Control Manager;Worry-Free Business Security Service;end,2,Europe,101-500
Endpoint Application Control;Worry-Free Business Security Service;OfficeScan;Endpoint Encryption;end,2,Europe,101-500
Endpoint Application Control;OfficeScan;Vulnerability Protection;Control Manager;end,2,Europe,101-500
Endpoint Application Control;OfficeScan;OfficeScan Plug-in DLP;Control Manager;end,2,Europe,101-500
Endpoint Application Control;OfficeScan;OfficeScan Plug-in DLP;end,2,Europe,101-500
Endpoint Application Control;OfficeScan;Endpoint Encryption;Control Manager;Vulnerability Protection;end,2,Europe,101-500
Endpoint Application Control;OfficeScan;Control Manager;end,4,Europe,101-500
Endpoint Application Control;Mobile Security;Endpoint Encryption;OfficeScan;Vulnerability Protection;Control Manager;OfficeScan Plug-in DLP;end,2,Europe,101-500
Endpoint Application Control;Mobile Security;Control Manager;OfficeScan;OfficeScan Plug-in DLP;Worry-Free Business Security Service;end,2,Europe,101-500
Endpoint Application Control;Control Manager;OfficeScan;OfficeScan Plug-in Security for Mac;OfficeScan Plug-in DLP;end,2,Europe,101-500
Endpoint Application Control;Control Manager;OfficeScan;end,2,Europe,101-500
Control Manager;OfficeScan;Vulnerability Protection;Endpoint Application Control;OfficeScan Plug-in DLP;Mobile Security;end,2,Europe,101-500
Control Manager;OfficeScan;Endpoint Encryption;end,2,Europe,101-500
Control Manager;OfficeScan;end,6,Europe,101-500
Control Manager;OfficeScan Plug-in DLP;OfficeScan;end,2,Europe,101-500
Control Manager;Endpoint Encryption;OfficeScan Plug-in DLP;Vulnerability Protection;Endpoint Application Control;end,2,Europe,101-500
Control Manager;Endpoint Encryption;Mobile Security;Vulnerability Protection;Endpoint Application Control;OfficeScan;OfficeScan Plug-in Security for Mac;end,2,Europe,101-500
Worry-Free Business Security Service;end,6,Europe,500+
Vulnerability Protection;OfficeScan;end,2,Europe,500+
Vulnerability Protection;Control Manager;Mobile Security;OfficeScan;Endpoint Encryption;OfficeScan Plug-in DLP;end,2,Europe,500+
OfficeScan;Worry-Free Business Security Service;Vulnerability Protection;Control Manager;end,2,Europe,500+
OfficeScan;Worry-Free Business Security Service;OfficeScan Plug-in Security for Mac;end,2,Europe,500+
OfficeScan;Worry-Free Business Security Service;Endpoint Application Control;end,2,Europe,500+
OfficeScan;Worry-Free Business Security Service;Control Manager;OfficeScan Plug-in Security for Mac;end,2,Europe,500+
OfficeScan;Worry-Free Business Security Service;Control Manager;end,2,Europe,500+
OfficeScan;Worry-Free Business Security Service;end,4,Europe,500+
OfficeScan;Vulnerability Protection;OfficeScan Plug-in Security for Mac;Worry-Free Business Security Service;end,2,Europe,500+
OfficeScan;Vulnerability Protection;OfficeScan Plug-in DLP;end,2,Europe,500+
OfficeScan;Vulnerability Protection;Endpoint Encryption;OfficeScan Plug-in DLP;Mobile Security;end,2,Europe,500+
OfficeScan;Vulnerability Protection;Endpoint Application Control;end,2,Europe,500+
OfficeScan;Vulnerability Protection;Control Manager;OfficeScan Plug-in DLP;end,2,Europe,500+
OfficeScan;Server Protect for Linux;OfficeScan Plug-in Security for Mac;Control Manager;end,2,Europe,500+
OfficeScan;Server Protect for Linux;end,2,Europe,500+
OfficeScan;OfficeScan Plug-in Security for Mac;Vulnerability Protection;OfficeScan Plug-in DLP;end,2,Europe,500+
OfficeScan;OfficeScan Plug-in Security for Mac;OfficeScan Plug-in VDI;Endpoint Application Control;end,2,Europe,500+
OfficeScan;OfficeScan Plug-in Security for Mac;OfficeScan Plug-in DLP;end,2,Europe,500+
OfficeScan;OfficeScan Plug-in Security for Mac;Control Manager;Server Protect for Linux;OfficeScan Plug-in DLP;Endpoint Application Control;end,2,Europe,500+
OfficeScan;OfficeScan Plug-in Security for Mac;Control Manager;end,4,Europe,500+
OfficeScan;OfficeScan Plug-in Security for Mac;end,10,Europe,500+
OfficeScan;OfficeScan Plug-in DLP;Vulnerability Protection;OfficeScan Plug-in Security for Mac;Endpoint Application Control;Server Protect for Linux;Control Manager;Worry-Free Business Security Service;end,2,Europe,500+
OfficeScan;OfficeScan Plug-in DLP;OfficeScan Plug-in Security for Mac;end,2,Europe,500+
OfficeScan;OfficeScan Plug-in DLP;Endpoint Application Control;Mobile Security;OfficeScan Plug-in Security for Mac;Control Manager;end,2,Europe,500+
OfficeScan;OfficeScan Plug-in DLP;Control Manager;end,4,Europe,500+
OfficeScan;OfficeScan Plug-in DLP;end,2,Europe,500+
OfficeScan;Mobile Security;Vulnerability Protection;Control Manager;Endpoint Application Control;Worry-Free Business Security Service;end,2,Europe,500+
OfficeScan;Mobile Security;OfficeScan Plug-in Security for Mac;Control Manager;Vulnerability Protection;end,2,Europe,500+
OfficeScan;Mobile Security;OfficeScan Plug-in Security for Mac;Control Manager;end,2,Europe,500+
OfficeScan;Mobile Security;OfficeScan Plug-in DLP;Control Manager;end,2,Europe,500+
OfficeScan;Mobile Security;Endpoint Encryption;Control Manager;end,2,Europe,500+
OfficeScan;Mobile Security;end,4,Europe,500+
OfficeScan;Endpoint Encryption;Vulnerability Protection;OfficeScan Plug-in Security for Mac;end,2,Europe,500+
OfficeScan;Endpoint Encryption;Control Manager;OfficeScan Plug-in DLP;Vulnerability Protection;end,2,Europe,500+
OfficeScan;Endpoint Encryption;Control Manager;end,2,Europe,500+
OfficeScan;Endpoint Encryption;end,4,Europe,500+
OfficeScan;Endpoint Application Control;Vulnerability Protection;Worry-Free Business Security Service;Endpoint Encryption;Mobile Security;Control Manager;OfficeScan Plug-in Security for Mac;end,2,Europe,500+
OfficeScan;Endpoint Application Control;Vulnerability Protection;OfficeScan Plug-in VDI;OfficeScan Plug-in Security for Mac;Mobile Security;Endpoint Encryption;Server Protect for Linux;Worry-Free Business Security Service;OfficeScan Plug-in DLP;Control Manager;end,2,Europe,500+
OfficeScan;Endpoint Application Control;end,4,Europe,500+
OfficeScan;Control Manager;Worry-Free Business Security Service;end,2,Europe,500+
OfficeScan;Control Manager;Vulnerability Protection;Worry-Free Business Security Service;end,2,Europe,500+
OfficeScan;Control Manager;OfficeScan Plug-in DLP;OfficeScan Plug-in Security for Mac;end,2,Europe,500+
OfficeScan;Control Manager;OfficeScan Plug-in DLP;Mobile Security;end,2,Europe,500+
OfficeScan;Control Manager;Mobile Security;OfficeScan Plug-in Security for Mac;OfficeScan Plug-in VDI;end,2,Europe,500+
OfficeScan;Control Manager;Mobile Security;end,2,Europe,500+
OfficeScan;Control Manager;Endpoint Encryption;Mobile Security;end,2,Europe,500+
OfficeScan;Control Manager;Endpoint Application Control;end,2,Europe,500+
OfficeScan;Control Manager;end,12,Europe,500+
OfficeScan;end,54,Europe,500+
OfficeScan Plug-in Security for Mac;Vulnerability Protection;end,2,Europe,500+
OfficeScan Plug-in DLP;OfficeScan;Vulnerability Protection;Control Manager;Worry-Free Business Security Service;end,2,Europe,500+
OfficeScan Plug-in DLP;OfficeScan Plug-in Security for Mac;OfficeScan Plug-in VDI;OfficeScan;Control Manager;Vulnerability Protection;Endpoint Application Control;Mobile Security;end,2,Europe,500+
OfficeScan Plug-in DLP;end,2,Europe,500+
Mobile Security;OfficeScan;OfficeScan Plug-in DLP;Endpoint Encryption;end,2,Europe,500+
Mobile Security;OfficeScan;end,2,Europe,500+
Endpoint Encryption;end,2,Europe,500+
Endpoint Application Control;Worry-Free Business Security Service;Mobile Security;OfficeScan Plug-in Security for Mac;Vulnerability Protection;Server Protect for Linux;OfficeScan Plug-in VDI;OfficeScan Plug-in DLP;OfficeScan;end,2,Europe,500+
Endpoint Application Control;OfficeScan;OfficeScan Plug-in DLP;Vulnerability Protection;Mobile Security;Worry-Free Business Security Service;Control Manager;Endpoint Encryption;end,2,Europe,500+
Endpoint Application Control;OfficeScan;OfficeScan Plug-in DLP;end,2,Europe,500+
Control Manager;OfficeScan;OfficeScan Plug-in Security for Mac;Mobile Security;end,2,Europe,500+
Control Manager;OfficeScan;OfficeScan Plug-in DLP;Endpoint Application Control;OfficeScan Plug-in Security for Mac;Vulnerability Protection;end,2,Europe,500+
Control Manager;OfficeScan;OfficeScan Plug-in DLP;end,2,Europe,500+
Control Manager;OfficeScan;Mobile Security;Endpoint Application Control;end,2,Europe,500+
